{
    "0": {
        "precision": 0.9074886602828259,
        "recall": 0.9999836660024174,
        "f1-score": 0.951493581175593,
        "support": 61222
    },
    "1": {
        "precision": 0.0,
        "recall": 0.0,
        "f1-score": 0.0,
        "support": 6241
    },
    "accuracy": 0.9074752086328802,
    "macro avg": {
        "precision": 0.45374433014141297,
        "recall": 0.4999918330012087,
        "f1-score": 0.4757467905877965,
        "support": 67463
    },
    "weighted avg": {
        "precision": 0.8235369129720761,
        "recall": 0.9074752086328802,
        "f1-score": 0.8634709400224146,
        "support": 67463
    }
}