{
    "0": {
        "precision": 0.5374766628029412,
        "recall": 0.9921923491555323,
        "f1-score": 0.6972491807230298,
        "support": 61222
    },
    "1": {
        "precision": 0.8924876293297346,
        "recall": 0.07055351078394766,
        "f1-score": 0.13076935752302798,
        "support": 56241
    },
    "accuracy": 0.550913904804066,
    "macro avg": {
        "precision": 0.7149821460663379,
        "recall": 0.53137292996974,
        "f1-score": 0.4140092691230289,
        "support": 117463
    },
    "weighted avg": {
        "precision": 0.7074550540276962,
        "recall": 0.550913904804066,
        "f1-score": 0.42602001292899,
        "support": 117463
    }
}